Pared,Pared,Pared,Pared,Pared,Pared,Pared,Pared,,Pared,Pared,Pared,Pared,Pared,Pared
Pared,,,,,Pared,,,,,,,,,I
Pared,,Pared,,Pared,Pared,,Pared,,Pared,Pared,Pared,Pared,Pared,Pared
Pared,Pared,,,,,,Pared,,Pared,Pared,Pared,Pared,Pared,Pared
Pared,Pared,Pared,,Pared,,Pared,Pared,,Pared,Pared,Pared,,Pared,Pared
Pared,Pared,Pared,,Pared,Pared,Pared,Pared,,Pared,Pared,Pared,,Pared,Pared
Pared,,,,,,,Pared,,Pared,Pared,Pared,,Pared,Pared
Pared,,Pared,,Pared,Pared,Pared,Pared,Pared,Pared,Pared,Pared,,Pared,Pared
Pared,,Pared,,,,,,,,,,,Pared,Pared
,,Pared,,Pared,Pared,Pared,,Pared,Pared,Pared,,Pared,Pared,Pared
Pared,Pared,Pared,,Pared,Pared,Pared,,Pared,Pared,Pared,,Pared,Pared,Pared
Pared,Pared,Pared,,Pared,Pared,Pared,,Pared,Pared,Pared,,Pared,Pared,Pared
Pared,Pared,Pared,,Pared,Pared,Pared,,Pared,,,,,F,Pared
Pared,Pared,Pared,,Pared,Pared,Pared,,Pared,Pared,Pared,,Pared,Pared,Pared
Pared,Pared,Pared,,Pared,Pared,Pared,F,Pared,Pared,Pared,Pared,Pared,Pared,Pared
